Tittle,Link
Pivo,https://cs.wikipedia.org/wiki/Pivo
Češka z Mikulova vaří divoké pivo na pomezí piva a vína ...,https://www.seznamzpravy.cz/clanek/magazin-jidlo-spontanne-kvasene-pivo-265586
Piva - 1 045 produktů - Heureka.cz,https://piva.heureka.cz/
BEERSHOP,https://www.beershop.cz/?srsltid=AfmBOopNifzITzeYtMP-iP2rwsWLTG_bkADjYmkz1xdXTc3EeE5rZtAI
"Pivotéka.cz - pivo, pivní chlazení, potřeby pro vaření piva ...",https://www.pivoteka.cz/
Pivo v akci,https://www.akcniceny.cz/zbozi/napoje-alkoholicke/piva/
Pivo,https://eshop.pivovarsvijany.cz/pivo/
Akce na pivo levně,https://www.kupi.cz/slevy/pivo
Plechovkové Pivo,https://www.stramis.cz/plechovkove-pivo/?srsltid=AfmBOoq6EMcAvITG059rsNd_vLRKzkTAPOgoLhalShZYppI2KXPvEqRe
